newsampleid,patient_ID,nodule_id,sequenced,worm_type,sample_id,well_on_lib_prep_plate,gDNA_plate_id,gDNA_plate_well_used,barcode_plate_well_used,qubit_ng_ul_gdna,qubit_ng_ul_lib,approx_amount_ng,approx_amount_left,barcode_i7_id,barcode_idx_1,barcode_i5_id,barcode_idx_2,full_lp_plate_name,short_plate_name,UNPAIRED_READS_EXAMINED,READ_PAIRS_EXAMINED,SECONDARY_OR_SUPPLEMENTARY_RDS,UNMAPPED_READS,UNPAIRED_READ_DUPLICATES,READ_PAIR_DUPLICATES,READ_PAIR_OPTICAL_DUPLICATES,PERCENT_DUPLICATION,ESTIMATED_LIBRARY_SIZE,sample_num,frac_lib,frac_total_seq,frac_total_mapped,number.of.reads,number.of.mapped.reads,median.insert.size,mean.insert.size,mean.mapping.quality,number.of.mapped.bases
010-243-2-1_2_3_III,010-243,010-243-2-1_2_3,TRUE,mf,iii-1,NA,NA,NA,NA,NA,NA,NA,NA,NA,NA,NA,NA,NA,NA,NA,NA,NA,NA,NA,NA,NA,NA,NA,NA,NA,NA,NA,NA,NA,NA,NA,NA,NA
010-243-2-1_2_3_III,010-243,010-243-2-1_2_3,TRUE,mf,iii-10,NA,NA,NA,NA,NA,NA,NA,NA,NA,NA,NA,NA,NA,NA,NA,NA,NA,NA,NA,NA,NA,NA,NA,NA,NA,NA,NA,NA,NA,NA,NA,NA,NA
010-243-2-1_2_3_III,010-243,010-243-2-1_2_3,TRUE,mf,iii-2,NA,NA,NA,NA,NA,NA,NA,NA,NA,NA,NA,NA,NA,NA,NA,NA,NA,NA,NA,NA,NA,NA,NA,NA,NA,NA,NA,NA,NA,NA,NA,NA,NA
010-243-2-1_2_3_III,010-243,010-243-2-1_2_3,TRUE,mf,iii-3,NA,NA,NA,NA,NA,NA,NA,NA,NA,NA,NA,NA,NA,NA,NA,NA,NA,NA,NA,NA,NA,NA,NA,NA,NA,NA,NA,NA,NA,NA,NA,NA,NA
010-243-2-1_2_3_III,010-243,010-243-2-1_2_3,TRUE,mf,iii-4,NA,NA,NA,NA,NA,NA,NA,NA,NA,NA,NA,NA,NA,NA,NA,NA,NA,NA,NA,NA,NA,NA,NA,NA,NA,NA,NA,NA,NA,NA,NA,NA,NA
010-243-2-1_2_3_III,010-243,010-243-2-1_2_3,TRUE,mf,iii-5,NA,NA,NA,NA,NA,NA,NA,NA,NA,NA,NA,NA,NA,NA,NA,NA,NA,NA,NA,NA,NA,NA,NA,NA,NA,NA,NA,NA,NA,NA,NA,NA,NA
010-243-2-1_2_3_III,010-243,010-243-2-1_2_3,TRUE,mf,iii-6,NA,NA,NA,NA,NA,NA,NA,NA,NA,NA,NA,NA,NA,NA,NA,NA,NA,NA,NA,NA,NA,NA,NA,NA,NA,NA,NA,NA,NA,NA,NA,NA,NA
010-243-2-1_2_3_III,010-243,010-243-2-1_2_3,TRUE,mf,iii-7,NA,NA,NA,NA,NA,NA,NA,NA,NA,NA,NA,NA,NA,NA,NA,NA,NA,NA,NA,NA,NA,NA,NA,NA,NA,NA,NA,NA,NA,NA,NA,NA,NA
010-243-2-1_2_3_III,010-243,010-243-2-1_2_3,TRUE,mf,iii-8,NA,NA,NA,NA,NA,NA,NA,NA,NA,NA,NA,NA,NA,NA,NA,NA,NA,NA,NA,NA,NA,NA,NA,NA,NA,NA,NA,NA,NA,NA,NA,NA,NA
010-243-2-1_2_3_III,010-243,010-243-2-1_2_3,TRUE,mf,iii-9,NA,NA,NA,NA,NA,NA,NA,NA,NA,NA,NA,NA,NA,NA,NA,NA,NA,NA,NA,NA,NA,NA,NA,NA,NA,NA,NA,NA,NA,NA,NA,NA,NA
010-243-2-1_2_3_III,010-243,010-243-2-1_2_3,TRUE,mf,III_MF_10,G6,NA,NA,G6,NULL,24.6,NA,NA,S780,CAACACAG,S530,TGGCTATC,NA,WS_08_19_MF,35771,3036719,60352,4535625,13135,471770,1099,0.156596,8748767,45,0.656157541,0.656157541,0.315985658,10705186,6169561,103,113.2711,55.9195,1580931
010-243-2-1_2_3_III,010-243,010-243-2-1_2_3,TRUE,mf,III_MF_7,G3,NA,NA,G3,NULL,29.6,NA,NA,S770,GTCCTAAG,S540,TGGTAGCT,NA,WS_08_19_MF,18176,3511447,66027,2255588,4757,323472,1598,0.092557,17947668,47,1.346075134,1.346075134,1.176906029,9362685,7107097,114,130.4912,56.0106,2321463
010-243-2-1_2_3_III,010-243,010-243-2-1_2_3,TRUE,mf,III_MF_8,G4,NA,NA,G4,NULL,20.8,NA,NA,S749,CTTAGGAC,S565,CAGTGAAG,NA,WS_08_19_MF,41314,3684330,72071,3224630,14995,591893,1548,0.161779,10223716,48,0.766778719,0.766778719,0.524931463,10706675,7482045,99,109.1616,55.8951,2709851
010-243-2-1_2_3_III,010-243,010-243-2-1_2_3,TRUE,mf,III_MF_9,G5,NA,NA,G5,NULL,22.2,NA,NA,S784,TCCACGTT,S541,GTTCAACC,NA,WS_08_19_MF,15467,3264517,55517,2731573,5509,431937,1318,0.132842,11250636,49,0.843797721,0.843797721,0.638929741,9331591,6600018,102,120.7748,55.8038,3325444
010-243-2-1_2_3_III,010-243,010-243-2-1_2_3,TRUE,female,III_AF,H1,NA,NA,H1,NULL,50.4,NA,NA,S794,TACTCCAG,S590,CCTATACC,NA,WS_08_19_MF,52058,3966137,58027,1367826,9812,135341,1665,0.035131,57458754,NA,4.309406658,4.309406658,4.206819705,9410185,8042359,108,124.241,55.5988,26815418
010-243-2-1_2_3_II,010-243,010-243-2-1_2_3,TRUE,mf,ii-1,NA,NA,NA,NA,NA,NA,NA,NA,NA,NA,NA,NA,NA,NA,NA,NA,NA,NA,NA,NA,NA,NA,NA,NA,NA,NA,NA,NA,NA,NA,NA,NA,NA
010-243-2-1_2_3_II,010-243,010-243-2-1_2_3,TRUE,mf,ii-10,NA,NA,NA,NA,NA,NA,NA,NA,NA,NA,NA,NA,NA,NA,NA,NA,NA,NA,NA,NA,NA,NA,NA,NA,NA,NA,NA,NA,NA,NA,NA,NA,NA
010-243-2-1_2_3_II,010-243,010-243-2-1_2_3,TRUE,mf,ii-11,NA,NA,NA,NA,NA,NA,NA,NA,NA,NA,NA,NA,NA,NA,NA,NA,NA,NA,NA,NA,NA,NA,NA,NA,NA,NA,NA,NA,NA,NA,NA,NA,NA
010-243-2-1_2_3_II,010-243,010-243-2-1_2_3,TRUE,mf,ii-2,NA,NA,NA,NA,NA,NA,NA,NA,NA,NA,NA,NA,NA,NA,NA,NA,NA,NA,NA,NA,NA,NA,NA,NA,NA,NA,NA,NA,NA,NA,NA,NA,NA
010-243-2-1_2_3_II,010-243,010-243-2-1_2_3,TRUE,mf,ii-3,NA,NA,NA,NA,NA,NA,NA,NA,NA,NA,NA,NA,NA,NA,NA,NA,NA,NA,NA,NA,NA,NA,NA,NA,NA,NA,NA,NA,NA,NA,NA,NA,NA
010-243-2-1_2_3_II,010-243,010-243-2-1_2_3,TRUE,mf,ii-4,NA,NA,NA,NA,NA,NA,NA,NA,NA,NA,NA,NA,NA,NA,NA,NA,NA,NA,NA,NA,NA,NA,NA,NA,NA,NA,NA,NA,NA,NA,NA,NA,NA
010-243-2-1_2_3_II,010-243,010-243-2-1_2_3,TRUE,mf,ii-5,NA,NA,NA,NA,NA,NA,NA,NA,NA,NA,NA,NA,NA,NA,NA,NA,NA,NA,NA,NA,NA,NA,NA,NA,NA,NA,NA,NA,NA,NA,NA,NA,NA
010-243-2-1_2_3_II,010-243,010-243-2-1_2_3,TRUE,mf,ii-6,NA,NA,NA,NA,NA,NA,NA,NA,NA,NA,NA,NA,NA,NA,NA,NA,NA,NA,NA,NA,NA,NA,NA,NA,NA,NA,NA,NA,NA,NA,NA,NA,NA
010-243-2-1_2_3_II,010-243,010-243-2-1_2_3,TRUE,mf,ii-7,NA,NA,NA,NA,NA,NA,NA,NA,NA,NA,NA,NA,NA,NA,NA,NA,NA,NA,NA,NA,NA,NA,NA,NA,NA,NA,NA,NA,NA,NA,NA,NA,NA
010-243-2-1_2_3_II,010-243,010-243-2-1_2_3,TRUE,mf,ii-8,NA,NA,NA,NA,NA,NA,NA,NA,NA,NA,NA,NA,NA,NA,NA,NA,NA,NA,NA,NA,NA,NA,NA,NA,NA,NA,NA,NA,NA,NA,NA,NA,NA
010-243-2-1_2_3_II,010-243,010-243-2-1_2_3,TRUE,mf,ii-9,NA,NA,NA,NA,NA,NA,NA,NA,NA,NA,NA,NA,NA,NA,NA,NA,NA,NA,NA,NA,NA,NA,NA,NA,NA,NA,NA,NA,NA,NA,NA,NA,NA
010-243-2-1_2_3_II,010-243,010-243-2-1_2_3,TRUE,mf,63C_MF_9,A10,NA,NA,A10,NULL,46.4,NA,NA,S705,CGTATCTC,S563,GTACCTTG,NA,WS_08_19_MF,15580,1024098,4426,10085450,11731,47386,264,0.051606,10778613,42,0.808395995,0.808395995,0.051987226,12153652,2068202,102,113.3696,55.7467,229530
010-243-2-1_2_3_II,010-243,010-243-2-1_2_3,TRUE,female,II_AF,H2,NA,NA,H2,NULL,48.6,NA,NA,S708,GGAAGAGA,S521,TTCTCTCG,NA,WS_08_19_MF,51555,4897687,51291,962009,11118,213520,2651,0.044497,55172118,NA,4.137908953,4.137908953,4.065758277,10860229,9898220,118,137.6375,55.5651,51719369
010-243-2-1_2_3_II,010-243,010-243-2-1_2_3,TRUE,mf,II_MF_4,C4,NA,NA,C4,NULL,22,NA,NA,S735,GTCGTTAC,S554,GCTTAGCT,NA,WS_08_19_MF,13625,348409,553,7188805,6418,25475,72,0.08075,2270693,50,0.170301979,0.170301979,-0.368858409,7899801,710996,76,80.0781,54.3275,20522
010-243-2-1_2_3_II,010-243,010-243-2-1_2_3,TRUE,mf,II_MF_5,C5,NA,NA,C5,NULL,24.6,NA,NA,S704,GGAGGAAT,S585,AACCGTTC,NA,WS_08_19_MF,NA,NA,NA,NA,NA,NA,NA,NA,NA,NA,NA,NA,NA,NA,NA,NA,NA,NA,NA
705-002-4-1_2_IV_e,705-002,705-002-4-1_2,TRUE,male,A8_S8,A8,NA,NA,A8,1.43,pooled,64.35,64.35,S791,TCTAGGAG,S529,AGGTCACT,NA,ws_08_19_males,98565,5929316,79796,518121,18082,104401,2635,0.018975,170598709,10,12.794903494872587,12.794903494872587,12.75604441890111,12555114,12036993,95,108.5778,55.4653,18949380
711-004-6-1_g,711-004,711-004-6-1,TRUE,mf,61G-1,NA,NA,NA,NA,NA,NA,NA,NA,NA,NA,NA,NA,NA,NA,NA,NA,NA,NA,NA,NA,NA,NA,NA,NA,NA,NA,NA,NA,NA,NA,NA,NA,NA
711-004-6-1_g,711-004,711-004-6-1,TRUE,mf,61G-10,NA,NA,NA,NA,NA,NA,NA,NA,NA,NA,NA,NA,NA,NA,NA,NA,NA,NA,NA,NA,NA,NA,NA,NA,NA,NA,NA,NA,NA,NA,NA,NA,NA
711-004-6-1_g,711-004,711-004-6-1,TRUE,mf,61G-2,NA,NA,NA,NA,NA,NA,NA,NA,NA,NA,NA,NA,NA,NA,NA,NA,NA,NA,NA,NA,NA,NA,NA,NA,NA,NA,NA,NA,NA,NA,NA,NA,NA
711-004-6-1_g,711-004,711-004-6-1,TRUE,mf,61G-3,NA,NA,NA,NA,NA,NA,NA,NA,NA,NA,NA,NA,NA,NA,NA,NA,NA,NA,NA,NA,NA,NA,NA,NA,NA,NA,NA,NA,NA,NA,NA,NA,NA
711-004-6-1_g,711-004,711-004-6-1,TRUE,mf,61G-4,NA,NA,NA,NA,NA,NA,NA,NA,NA,NA,NA,NA,NA,NA,NA,NA,NA,NA,NA,NA,NA,NA,NA,NA,NA,NA,NA,NA,NA,NA,NA,NA,NA
711-004-6-1_g,711-004,711-004-6-1,TRUE,mf,61G-5,NA,NA,NA,NA,NA,NA,NA,NA,NA,NA,NA,NA,NA,NA,NA,NA,NA,NA,NA,NA,NA,NA,NA,NA,NA,NA,NA,NA,NA,NA,NA,NA,NA
711-004-6-1_g,711-004,711-004-6-1,TRUE,mf,61G-6,NA,NA,NA,NA,NA,NA,NA,NA,NA,NA,NA,NA,NA,NA,NA,NA,NA,NA,NA,NA,NA,NA,NA,NA,NA,NA,NA,NA,NA,NA,NA,NA,NA
711-004-6-1_g,711-004,711-004-6-1,TRUE,mf,61G-7,NA,NA,NA,NA,NA,NA,NA,NA,NA,NA,NA,NA,NA,NA,NA,NA,NA,NA,NA,NA,NA,NA,NA,NA,NA,NA,NA,NA,NA,NA,NA,NA,NA
711-004-6-1_g,711-004,711-004-6-1,TRUE,mf,61G-8,NA,NA,NA,NA,NA,NA,NA,NA,NA,NA,NA,NA,NA,NA,NA,NA,NA,NA,NA,NA,NA,NA,NA,NA,NA,NA,NA,NA,NA,NA,NA,NA,NA
711-004-6-1_g,711-004,711-004-6-1,TRUE,mf,61G-9,NA,NA,NA,NA,NA,NA,NA,NA,NA,NA,NA,NA,NA,NA,NA,NA,NA,NA,NA,NA,NA,NA,NA,NA,NA,NA,NA,NA,NA,NA,NA,NA,NA
711-004-6-1_g,711-004,711-004-6-1,TRUE,mf,61G_MF_20,H6,NA,NA,H6,NULL,22,NA,NA,S761,GTACCACA,S533,TGTTGTGG,NA,WS_08_19_MF,38350,824770,3974,9838032,19862,62285,158,0.08557,5194071,31,0.389555335,0.389555335,-0.348297084,11529896,1691864,49,102.3105,52.6281,25609
711-004-6-1_g,711-004,711-004-6-1,TRUE,mf,61G_MF_5,E1,NA,NA,E1,NULL,20,NA,NA,S732,AAGACCGT,S550,CAATCGAC,NA,WS_08_19_MF,29948,2166514,43754,3815966,8845,234172,1121,0.109372,9324326,32,0.699324467,0.699324467,0.41312701,8222696,4406730,122,140.1127,56.141,1340556
711-004-6-1_g,711-004,711-004-6-1,TRUE,mf,61G_MF_8,E4,NA,NA,E4,NULL,19.7,NA,NA,S742,GAATCCGT,S551,TGGAGTTG,NA,WS_08_19_MF,36177,3125610,62259,4650067,13260,440987,1728,0.142385,10040350,33,0.753026269,0.753026269,0.404271235,10999723,6349656,122,137.1225,56.102,2034663
711-004-6-1_g,711-004,711-004-6-1,TRUE,mf,61G_MF_13,F1,NA,NA,F1,NULL,23.8,NA,NA,S774,CAGGTTCA,S506,GGCGTTAT,NA,WS_08_19_MF,39059,2661242,83360,8485409,18373,563209,1324,0.213519,5373958,30,0.40304686,0.40304686,-0.233358831,13930312,5444903,127,144.2337,56.0162,1809345
711-004-6-1_g,711-004,711-004-6-1,TRUE,mf,61G_MF_19,H5,NA,NA,H5,NULL,81.6,NA,NA,S714,AACCAGAG,S520,AACCGAAG,NA,WS_08_19_MF,NA,NA,NA,NA,NA,NA,NA,NA,NA,31,NA,NA,NA,11529896,1691864,49,102.3105,52.6281,25609
711-004-6-3_c,711-004,711-004-6-3,TRUE,mf,63C-1,NA,NA,NA,NA,NA,NA,NA,NA,NA,NA,NA,NA,NA,NA,NA,NA,NA,NA,NA,NA,NA,NA,NA,NA,NA,NA,NA,NA,NA,NA,NA,NA,NA
711-004-6-3_c,711-004,711-004-6-3,TRUE,mf,63C-10,NA,NA,NA,NA,NA,NA,NA,NA,NA,NA,NA,NA,NA,NA,NA,NA,NA,NA,NA,NA,NA,NA,NA,NA,NA,NA,NA,NA,NA,NA,NA,NA,NA
711-004-6-3_c,711-004,711-004-6-3,TRUE,mf,63C-2,NA,NA,NA,NA,NA,NA,NA,NA,NA,NA,NA,NA,NA,NA,NA,NA,NA,NA,NA,NA,NA,NA,NA,NA,NA,NA,NA,NA,NA,NA,NA,NA,NA
711-004-6-3_c,711-004,711-004-6-3,TRUE,mf,63C-3,NA,NA,NA,NA,NA,NA,NA,NA,NA,NA,NA,NA,NA,NA,NA,NA,NA,NA,NA,NA,NA,NA,NA,NA,NA,NA,NA,NA,NA,NA,NA,NA,NA
711-004-6-3_c,711-004,711-004-6-3,TRUE,mf,63C-4,NA,NA,NA,NA,NA,NA,NA,NA,NA,NA,NA,NA,NA,NA,NA,NA,NA,NA,NA,NA,NA,NA,NA,NA,NA,NA,NA,NA,NA,NA,NA,NA,NA
711-004-6-3_c,711-004,711-004-6-3,TRUE,mf,63C-5,NA,NA,NA,NA,NA,NA,NA,NA,NA,NA,NA,NA,NA,NA,NA,NA,NA,NA,NA,NA,NA,NA,NA,NA,NA,NA,NA,NA,NA,NA,NA,NA,NA
711-004-6-3_c,711-004,711-004-6-3,TRUE,mf,63C-6,NA,NA,NA,NA,NA,NA,NA,NA,NA,NA,NA,NA,NA,NA,NA,NA,NA,NA,NA,NA,NA,NA,NA,NA,NA,NA,NA,NA,NA,NA,NA,NA,NA
711-004-6-3_c,711-004,711-004-6-3,TRUE,mf,63C-7,NA,NA,NA,NA,NA,NA,NA,NA,NA,NA,NA,NA,NA,NA,NA,NA,NA,NA,NA,NA,NA,NA,NA,NA,NA,NA,NA,NA,NA,NA,NA,NA,NA
711-004-6-3_c,711-004,711-004-6-3,TRUE,mf,63C-8,NA,NA,NA,NA,NA,NA,NA,NA,NA,NA,NA,NA,NA,NA,NA,NA,NA,NA,NA,NA,NA,NA,NA,NA,NA,NA,NA,NA,NA,NA,NA,NA,NA
711-004-6-3_c,711-004,711-004-6-3,TRUE,mf,63C-9,NA,NA,NA,NA,NA,NA,NA,NA,NA,NA,NA,NA,NA,NA,NA,NA,NA,NA,NA,NA,NA,NA,NA,NA,NA,NA,NA,NA,NA,NA,NA,NA,NA
711-004-6-3_c,711-004,711-004-6-3,TRUE,mf,63C_MF_10,A11,NA,NA,A11,NULL,36,NA,NA,S719,GTACACCT,S569,CATGAGGA,NA,WS_08_19_MF,14118,1041716,7369,7308332,9097,56668,304,0.05837,9270485,34,0.695286392,0.695286392,0.147161479,9413251,2104919,109,117.6233,56.04,470549
711-004-6-3_c,711-004,711-004-6-3,TRUE,mf,63C_MF_16,B5,NA,NA,B5,NULL,29,NA,NA,S752,AGGATAGC,S544,AACCTTGG,NA,WS_08_19_MF,24535,4191721,87118,3026417,7794,532506,2098,0.127594,15118457,37,1.133884303,1.133884303,0.906903023,11521512,8495095,124,143.6177,55.9737,4483331
711-004-6-3_c,711-004,711-004-6-3,TRUE,mf,63C_MF_18,B7,NA,NA,B7,NULL,22.6,NA,NA,S786,GTCCTTGA,S513,TCAGACGA,NA,WS_08_19_MF,42453,3386220,71153,2662133,14453,497200,1701,0.148037,10400937,38,0.780070295,0.780070295,0.580410315,9548179,6886046,122,138.3323,55.9497,2894489
711-004-6-3_c,711-004,711-004-6-3,TRUE,mf,63C_MF_6,A7,NA,NA,A7,NULL,75.4,NA,NA,S712,CGAATACG,S562,GTCGGTAA,NA,WS_08_19_MF,19091,1293516,727,10791343,18352,59502,194,0.052705,13667168,39,1.025037626,1.025037626,0.21568688,13398193,2606850,20,46.195,57.1655,33498
711-004-6-3_c,711-004,711-004-6-3,TRUE,mf,63C_MF_7,A8,NA,NA,A8,NULL,65.8,NA,NA,S791,TCTAGGAG,S529,AGGTCACT,NA,WS_08_19_MF,19922,1135469,747,9570740,18792,48843,168,0.050845,12858740,40,0.964405524,0.964405524,0.246600006,11862347,2291607,20,44.05,55.1012,22369
711-004-6-3_c,711-004,711-004-6-3,TRUE,mf,63C_MF_8,A9,NA,NA,A9,NULL,34.6,NA,NA,S723,CGCAACTA,S502,GAATCCGA,NA,WS_08_19_MF,26666,1265380,1848,11194294,25112,56201,179,0.05377,13861729,41,1.039629701,1.039629701,0.20005763,13753568,2559274,45,59.4653,55.972,39753
711-004-6-3_c,711-004,711-004-6-3,TRUE,mf,63C_MF_11,A12,NA,NA,A12,NULL,56.6,NA,NA,S731,CGGCATTA,S571,TGACTGAC,NA,WS_08_19_MF,NA,NA,NA,NA,NA,NA,NA,NA,NA,35,NA,NA,NA,11417571,2038938,98,105.8555,55.956,175523
711-004-6-3_c,711-004,711-004-6-3,TRUE,mf,63C_MF_12,B1,NA,NA,B1,NULL,21,NA,NA,S713,TCGTCTGA,S586,TCAAGGAC,NA,WS_08_19_MF,NA,NA,NA,NA,NA,NA,NA,NA,NA,36,NA,NA,NA,12487217,7927938,119,139.5409,55.9412,3028825
010-243-2-1_2_3_IV,010-243,010-243-2-1_2_3,TRUE,male,A1_S1,A1,NA,NA,A1,1.05,pooled,47.25,47.25,S762,TTACCGAC,S512,CGTATTCG,NA,ws_08_19_males,68867,12333197,192773,1083921,28545,264567,4721,0.022546,288340137,3,21.62551081563777,21.62551081563777,21.544216738605417,26011955,24928034,87,101.2308,55.3436,29431425
018-434-4-1_2_IV,018-434,018-434-4-1_2,TRUE,male,A2_S2,A2,NA,NA,A2,1.53,pooled,68.85,68.85,S729,AGTGACCT,S591,CTCCTAGA,NA,ws_08_19_males,177180,6445551,64592,3786772,152346,178057,2391,0.038908,116004999,4,8.700375142509378,8.700375142509378,8.416367235409181,16919646,13132874,84,95.6497,55.4573,11610993
018-434-4-1_2_III,018-434,018-434-4-1_2,TRUE,male,A3_S3,A3,NA,NA,A3,2.34,pooled,105.3,105.3,S702,TCGGATTC,S523,TAGTTGCG,NA,ws_08_19_males,86937,3789770,45312,922195,29536,59374,1423,0.019342,122559039,5,9.191928154798203,9.191928154798203,9.122763528069088,8633984,7711789,86,99.704,55.409,12459790
705-002-4-1_2_III_a,705-002,705-002-4-1_2,TRUE,male,A4_S4,A4,NA,NA,A4,2,pooled,90,90,S763,CAAGGTAC,S505,GAGATACG,NA,ws_08_19_males,85989,4011696,45310,876091,25288,79859,1452,0.022814,101213831,6,7.5910375147759375,7.5910375147759375,7.525330688133267,9030782,8154691,86,101.4139,55.4388,24317176
705-002-4-1_2_IV_c,705-002,705-002-4-1_2,TRUE,male,A5_S5,A5,NA,NA,A5,1.02,pooled,45.9,45.9,S769,TCCTCATG,S519,AGGTGTAC,NA,ws_08_19_males,156200,10397292,139543,432604,36940,182249,3780,0.019161,299169342,7,22.43770121094253,22.43770121094253,22.405255910131398,21522931,21090327,85,97.9378,55.3617,16579546
705-002-4-1_2_IV_a,705-002,705-002-4-1_2,TRUE,male,A6_S6,A6,NA,NA,A6,1.81,pooled,81.45,81.45,S771,GTCAGTCA,S531,TAATGCCG,NA,ws_08_19_males,73216,4961309,65227,337238,11853,81661,1962,0.017525,152642488,8,11.448186886204672,11.448186886204672,11.422894035572352,10398299,10061061,89,102.8648,55.4019,12176476
705-002-4-1_2_III_b,705-002,705-002-4-1_2,TRUE,male,A7_S7,A7,NA,NA,A7,0.838,pooled,37.71,37.71,S712,CGAATACG,S562,GTCGGTAA,NA,ws_08_19_males,94477,11723803,147211,6113339,44434,245202,4189,0.022718,281021715,9,21.07662915191573,21.07662915191573,20.618128715453217,29802633,23689294,89,104.8946,55.4594,14396014
705-022-4-1_2_Ic,705-022,705-022-4-1_2,TRUE,male,A9_S9,A9,NA,NA,A9,0.354,pooled,15.93,15.93,S723,CGCAACTA,S502,GAATCCGA,NA,ws_08_19_males,604076,8337067,54710,12664576,565726,979068,2233,0.146072,32722211,11,2.454165886354147,2.454165886354147,1.5043226626080666,29997496,17332920,86,100.3999,55.3145,163355855
711-004-4-1_a,711-004,711-004-4-1,TRUE,male,A10_S10,A10,NA,NA,A10,12.1,pooled,544.5,484,S705,CGTATCTC,S563,GTACCTTG,NA,ws_08_19_males,14686,440190,1575,3689756,6231,12113,102,0.034028,7915129,0,0.5936346898408672,0.5936346898408672,0.31690298292257457,4586397,896641,84,97.2349,55.7953,610580
711-004-4-3_c,711-004,711-004-4-3,TRUE,male,A11_S11,A11,NA,NA,A11,2.04,pooled,91.8,91.8,S719,GTACACCT,S569,CATGAGGA,NA,ws_08_19_males,159692,4648824,39738,4334862,102272,92054,1685,0.030281,117933209,1,8.844990896124772,8.844990896124772,8.519876237996906,13831940,9497078,86,99.1909,55.4901,7732639
711-004-4-4_c,711-004,711-004-4-4,TRUE,male,A12_S12,A12,NA,NA,A12,1.63,pooled,73.35,73.35,S731,CGGCATTA,S571,TGACTGAC,NA,ws_08_19_males,54594,7783869,104363,1234150,12720,141010,2182,0.018867,215490678,2,16.16180125404503,16.16180125404503,16.069240001731,16960845,15726695,83,101.3859,55.2006,16444658
711-004-6-1_b,711-004,711-004-6-1,TRUE,male,B1_S13,B1,NA,NA,B1,1.66,pooled,74.7,74.7,S713,TCGTCTGA,S586,TCAAGGAC,NA,ws_08_19_males,104186,7279165,56369,3278612,25045,149841,2601,0.022147,177369196,15,13.30269003256725,13.30269003256725,13.056794126419852,17997497,14718885,84,99.9612,55.2217,16293246
711-004-6-1_b,711-004,711-004-6-1,TRUE,male,B9_S21,B9,NA,NA,B9,0.902,pooled,40.59,40.59,S707,CACAGACT,S596,TGGTACAG,NA,ws_08_19_males,161920,7227796,96842,8508794,74858,215537,2606,0.034611,120162417,23,9.012181500304537,9.012181500304537,8.374021934350548,23223148,14714354,81,95.665,55.2496,39573335
711-004-6-1_a,711-004,711-004-6-1,TRUE,male,B2_S14,B2,NA,NA,B2,2.72,pooled,122.4,122.4,S777,AGCCTATC,S526,GTTACGCA,NA,ws_08_19_males,46254,3554184,35350,1064866,7861,53938,1211,0.016177,118520056,16,8.88900442222511,8.88900442222511,8.809139470228487,8254838,7189972,89,102.9348,55.4803,7626657
711-004-6-1_a,711-004,711-004-6-1,TRUE,male,B8_S20,B8,NA,NA,B8,1.3,pooled,58.5,58.5,S726,TGCGTAAC,S577,GATAGGCT,NA,ws_08_19_males,126695,5216192,97304,2773443,51555,92291,1953,0.022363,148737761,22,11.155332353883308,11.155332353883308,10.947324123683103,13429826,10656383,83,98.8986,55.2924,16648826
711-004-6-1_c,711-004,711-004-6-1,TRUE,male,B3_S15,B3,NA,NA,B3,2.63,pooled,118.35,118.35,S796,CTGTACCA,S507,AGTCTGTG,NA,ws_08_19_males,53909,3336462,27705,334289,8519,49918,1420,0.016108,113555334,17,8.516650262916256,8.516650262916256,8.491578587289464,7088827,6754538,87,104.6328,55.25,7184229
711-004-6-1_a,711-004,711-004-6-1,TRUE,male,B2_S14,B2,NA,NA,B2,2.72,pooled,122.4,122.4,S777,AGCCTATC,S526,GTTACGCA,NA,ws_08_19_males,46254,3554184,35350,1064866,7861,53938,1211,0.016177,118520056,16,8.88900442222511,8.88900442222511,8.809139470228487,8254838,7189972,89,102.9348,55.4803,7626657
711-004-6-1_a,711-004,711-004-6-1,TRUE,male,B8_S20,B8,NA,NA,B8,1.3,pooled,58.5,58.5,S726,TGCGTAAC,S577,GATAGGCT,NA,ws_08_19_males,126695,5216192,97304,2773443,51555,92291,1953,0.022363,148737761,22,11.155332353883308,11.155332353883308,10.947324123683103,13429826,10656383,83,98.8986,55.2924,16648826
711-004-6-1_b,711-004,711-004-6-1,TRUE,male,B1_S13,B1,NA,NA,B1,1.66,pooled,74.7,74.7,S713,TCGTCTGA,S586,TCAAGGAC,NA,ws_08_19_males,104186,7279165,56369,3278612,25045,149841,2601,0.022147,177369196,15,13.30269003256725,13.30269003256725,13.056794126419852,17997497,14718885,84,99.9612,55.2217,16293246
711-004-6-1_b,711-004,711-004-6-1,TRUE,male,B9_S21,B9,NA,NA,B9,0.902,pooled,40.59,40.59,S707,CACAGACT,S596,TGGTACAG,NA,ws_08_19_males,161920,7227796,96842,8508794,74858,215537,2606,0.034611,120162417,23,9.012181500304537,9.012181500304537,8.374021934350548,23223148,14714354,81,95.665,55.2496,39573335
711-004-6-2_f,711-004,711-004-6-2,TRUE,male,B10_S22,B10,NA,NA,B10,1.94,pooled,87.3,87.3,S701,TTACGTGC,S597,CAAGGTCT,NA,ws_08_19_males,126061,4401802,29545,1171995,31336,77167,1267,0.020792,126096147,12,9.457211261430281,9.457211261430281,9.36931163423279,10131205,8959210,85,100.8517,55.1567,8926363
711-004-6-2_c,711-004,711-004-6-2,TRUE,male,B11_S23,B11,NA,NA,B11,2.34,pooled,105.3,105.3,S744,CCAAGGTT,S552,GCTATCCT,NA,ws_08_19_males,93084,4077412,29721,253862,13215,65068,1326,0.01738,128963712,13,9.672278641806965,9.672278641806965,9.653238991330975,8531491,8277629,84,98.9251,55.2143,6042521
711-004-6-2_e,711-004,711-004-6-2,TRUE,male,B12_S24,B12,NA,NA,B12,1.64,pooled,73.8,73.8,S789,CACGCAAT,S579,ATGGAAGG,NA,ws_08_19_males,28740,6070840,54924,1070024,6772,130687,2376,0.022033,141473858,14,10.610539615263491,10.610539615263491,10.530287813257196,13295368,12225344,89,105.0824,55.461,11703118
711-004-6-3_d,711-004,711-004-6-3,TRUE,male,C1_S25,C1,NA,NA,C1,1.39,pooled,62.55,62.55,S736,TTCCAGGT,S543,AAGCACTG,NA,ws_08_19_males,33535,8315828,76333,2026087,10074,175620,3259,0.021681,197667367,24,14.825052895626323,14.825052895626323,14.673096366827409,18767611,16741524,87,102.5408,55.2114,20443780
711-004-6-3_e,711-004,711-004-6-3,TRUE,male,C2_S26,C2,NA,NA,C2,1.84,pooled,82.8,82.8,S772,TCATCTCC,S567,CTAGCAAG,NA,ws_08_19_males,51285,6502759,51779,779653,18406,142177,2892,0.023188,149486787,25,11.211509305287732,11.211509305287732,11.153035328825883,13888235,13108582,90,105.568,55.3273,20960758
711-012-2_c,711-012,711-012-2,TRUE,male,C3_S27,C3,NA,NA,C3,0.28,pooled,12.6,12.6,S757,GAGAGTAC,S545,TGCTTCCA,NA,ws_08_19_males,411654,26852096,796564,24567526,206294,1610159,10502,0.06332,216156506,26,16.21173835529346,16.21173835529346,14.369173859229347,79479936,54912410,89,112.8433,55.3084,197154210
711-018-4_b,711-018,711-018-4,TRUE,male,C4_S28,C4,NA,NA,C4,2.62,pooled,117.9,117.9,S735,GTCGTTAC,S554,GCTTAGCT,NA,ws_08_19_males,32039,2009824,13904,2796483,7921,32965,733,0.018227,61944013,27,4.645801091145027,4.645801091145027,4.436064860901621,6862074,4065591,86,100.1603,55.4829,5405392
711-018-4_a,711-018,711-018-4,TRUE,male,C5_S29,C5,NA,NA,C5,1.57,pooled,70.65,70.65,S704,GGAGGAAT,S585,AACCGTTC,NA,ws_08_19_males,75879,4312833,36781,3358971,17648,93337,1641,0.023481,99905587,28,7.49291921232298,7.49291921232298,7.240996381024909,12097297,8738326,91,106.8892,55.4383,9707713
