og_sample,parent_id,sequenced,worm_type,sample_id,well_on_lib_prep_plate,gDNA_plate_id,gDNA_plate_well_used,barcode_plate_well_used,qubit_ng_ul_gdna,qubit_ng_ul_lib,approx_amount_ng,approx_amount_left,barcode_i7_id,barcode_idx_1,barcode_i5_id,barcode_idx_2,full_lp_plate_name,short_plate_name,UNPAIRED_READS_EXAMINED,READ_PAIRS_EXAMINED,SECONDARY_OR_SUPPLEMENTARY_RDS,UNMAPPED_READS,UNPAIRED_READ_DUPLICATES,READ_PAIR_DUPLICATES,READ_PAIR_OPTICAL_DUPLICATES,PERCENT_DUPLICATION,ESTIMATED_LIBRARY_SIZE,sample_num,frac_lib,frac_total_seq,frac_total_mapped,number.of.reads,number.of.mapped.reads,median.insert.size,mean.insert.size,mean.mapping.quality,number.of.mapped.bases
010-243-2-1_2_3_IV,unknown,TRUE,male,A1_S1,A1,NA,NA,A1,1.05,pooled,47.25,47.25,S762,TTACCGAC,S512,CGTATTCG,NA,ws_08_19_males,68867,12333197,192773,1083921,28545,264567,4721,0.022546,288340137,3,21.62551082,21.62551082,21.54421674,26011955,24928034,87,101.2308,55.3436,29431425
711-004-4-1_a,unknown,TRUE,male,A10_S10,A10,NA,NA,A10,12.1,pooled,544.5,484,S705,CGTATCTC,S563,GTACCTTG,NA,ws_08_19_males,14686,440190,1575,3689756,6231,12113,102,0.034028,7915129,0,0.59363469,0.59363469,0.316902983,4586397,896641,84,97.2349,55.7953,610580
711-004-4-3_c,unknown,TRUE,male,A11_S11,A11,NA,NA,A11,2.04,pooled,91.8,91.8,S719,GTACACCT,S569,CATGAGGA,NA,ws_08_19_males,159692,4648824,39738,4334862,102272,92054,1685,0.030281,117933209,1,8.844990896,8.844990896,8.519876238,13831940,9497078,86,99.1909,55.4901,7732639
711-004-4-4_c,unknown,TRUE,male,A12_S12,A12,NA,NA,A12,1.63,pooled,73.35,73.35,S731,CGGCATTA,S571,TGACTGAC,NA,ws_08_19_males,54594,7783869,104363,1234150,12720,141010,2182,0.018867,215490678,2,16.16180125,16.16180125,16.06924,16960845,15726695,83,101.3859,55.2006,16444658
018-434-4-1_2_IV,unknown,TRUE,male,A2_S2,A2,NA,NA,A2,1.53,pooled,68.85,68.85,S729,AGTGACCT,S591,CTCCTAGA,NA,ws_08_19_males,177180,6445551,64592,3786772,152346,178057,2391,0.038908,116004999,4,8.700375143,8.700375143,8.416367235,16919646,13132874,84,95.6497,55.4573,11610993
018-434-4-1_2_III,unknown,TRUE,male,A3_S3,A3,NA,NA,A3,2.34,pooled,105.3,105.3,S702,TCGGATTC,S523,TAGTTGCG,NA,ws_08_19_males,86937,3789770,45312,922195,29536,59374,1423,0.019342,122559039,5,9.191928155,9.191928155,9.122763528,8633984,7711789,86,99.704,55.409,12459790
705-002-4-1_2_III_a,unknown,TRUE,male,A4_S4,A4,NA,NA,A4,2,pooled,90,90,S763,CAAGGTAC,S505,GAGATACG,NA,ws_08_19_males,85989,4011696,45310,876091,25288,79859,1452,0.022814,101213831,6,7.591037515,7.591037515,7.525330688,9030782,8154691,86,101.4139,55.4388,24317176
705-002-4-1_2_IV_c,unknown,TRUE,male,A5_S5,A5,NA,NA,A5,1.02,pooled,45.9,45.9,S769,TCCTCATG,S519,AGGTGTAC,NA,ws_08_19_males,156200,10397292,139543,432604,36940,182249,3780,0.019161,299169342,7,22.43770121,22.43770121,22.40525591,21522931,21090327,85,97.9378,55.3617,16579546
705-002-4-1_2_IV_a,unknown,TRUE,male,A6_S6,A6,NA,NA,A6,1.81,pooled,81.45,81.45,S771,GTCAGTCA,S531,TAATGCCG,NA,ws_08_19_males,73216,4961309,65227,337238,11853,81661,1962,0.017525,152642488,8,11.44818689,11.44818689,11.42289404,10398299,10061061,89,102.8648,55.4019,12176476
705-002-4-1_2_III_b,unknown,TRUE,male,A7_S7,A7,NA,NA,A7,0.838,pooled,37.71,37.71,S712,CGAATACG,S562,GTCGGTAA,NA,ws_08_19_males,94477,11723803,147211,6113339,44434,245202,4189,0.022718,281021715,9,21.07662915,21.07662915,20.61812872,29802633,23689294,89,104.8946,55.4594,14396014
705-002-4-1_2_IV_e,unknown,TRUE,male,A8_S8,A8,NA,NA,A8,1.43,pooled,64.35,64.35,S791,TCTAGGAG,S529,AGGTCACT,NA,ws_08_19_males,98565,5929316,79796,518121,18082,104401,2635,0.018975,170598709,10,12.79490349,12.79490349,12.75604442,12555114,12036993,95,108.5778,55.4653,18949380
705-022-4-1_2_Ic,unknown,TRUE,male,A9_S9,A9,NA,NA,A9,0.354,pooled,15.93,15.93,S723,CGCAACTA,S502,GAATCCGA,NA,ws_08_19_males,604076,8337067,54710,12664576,565726,979068,2233,0.146072,32722211,11,2.454165886,2.454165886,1.504322663,29997496,17332920,86,100.3999,55.3145,163355855
711-004-6-1_b,unknown,TRUE,male,B1_S13,B1,NA,NA,B1,1.66,pooled,74.7,74.7,S713,TCGTCTGA,S586,TCAAGGAC,NA,ws_08_19_males,104186,7279165,56369,3278612,25045,149841,2601,0.022147,177369196,15,13.30269003,13.30269003,13.05679413,17997497,14718885,84,99.9612,55.2217,16293246
711-004-6-2_f,unknown,TRUE,male,B10_S22,B10,NA,NA,B10,1.94,pooled,87.3,87.3,S701,TTACGTGC,S597,CAAGGTCT,NA,ws_08_19_males,126061,4401802,29545,1171995,31336,77167,1267,0.020792,126096147,12,9.457211261,9.457211261,9.369311634,10131205,8959210,85,100.8517,55.1567,8926363
711-004-6-2_c,unknown,TRUE,male,B11_S23,B11,NA,NA,B11,2.34,pooled,105.3,105.3,S744,CCAAGGTT,S552,GCTATCCT,NA,ws_08_19_males,93084,4077412,29721,253862,13215,65068,1326,0.01738,128963712,13,9.672278642,9.672278642,9.653238991,8531491,8277629,84,98.9251,55.2143,6042521
711-004-6-2_e,unknown,TRUE,male,B12_S24,B12,NA,NA,B12,1.64,pooled,73.8,73.8,S789,CACGCAAT,S579,ATGGAAGG,NA,ws_08_19_males,28740,6070840,54924,1070024,6772,130687,2376,0.022033,141473858,14,10.61053962,10.61053962,10.53028781,13295368,12225344,89,105.0824,55.461,11703118
711-004-6-1_a,unknown,TRUE,male,B2_S14,B2,NA,NA,B2,2.72,pooled,122.4,122.4,S777,AGCCTATC,S526,GTTACGCA,NA,ws_08_19_males,46254,3554184,35350,1064866,7861,53938,1211,0.016177,118520056,16,8.889004422,8.889004422,8.80913947,8254838,7189972,89,102.9348,55.4803,7626657
711-004-6-1_c,unknown,TRUE,male,B3_S15,B3,NA,NA,B3,2.63,pooled,118.35,118.35,S796,CTGTACCA,S507,AGTCTGTG,NA,ws_08_19_males,53909,3336462,27705,334289,8519,49918,1420,0.016108,113555334,17,8.516650263,8.516650263,8.491578587,7088827,6754538,87,104.6328,55.25,7184229
711-004-6-1.1_d,unknown,TRUE,male,B4_S16,B4,NA,NA,B4,0.492,pooled,22.14,22.14,S797,AGACCTTG,S501,GCACGTAA,NA,ws_08_19_males,204910,16342571,91307,688954,65355,401074,4605,0.026376,331164739,18,24.83735605,24.83735605,24.78568449,33670313,32981359,87,103.0838,55.3192,36623103
711-004-6-1.2_d,unknown,TRUE,male,B5_S17,B5,NA,NA,B5,3.8,pooled,171,171,S752,AGGATAGC,S544,AACCTTGG,NA,ws_08_19_males,12487,3699820,24401,52729,2219,66424,1403,0.018222,103947167,19,7.79603772,7.79603772,7.792083045,7489257,7436528,86,98.9734,55.3775,11829806
711-004-6-1.3_d,unknown,TRUE,male,B6_S18,B6,NA,NA,B6,1.68,pooled,75.6,75.6,S779,CCTTCCAT,S589,ATTGCGTG,NA,ws_08_19_males,95210,6714097,46031,361256,18732,111318,2721,0.017848,205140822,20,15.38556203,15.38556203,15.35846783,13930691,13569435,89,102.9767,55.5661,6839180
711-004-6-1.4_d,unknown,TRUE,male,B7_S19,B7,NA,NA,B7,1.94,pooled,87.3,87.3,S786,GTCCTTGA,S513,TCAGACGA,NA,ws_08_19_males,58005,3689795,40051,3586141,13969,59945,1250,0.017998,114666030,21,8.599952465,8.599952465,8.330991883,11063787,7477646,81,97.8546,55.2848,7827201
711-004-6-1_a,unknown,TRUE,male,B8_S20,B8,NA,NA,B8,1.3,pooled,58.5,58.5,S726,TGCGTAAC,S577,GATAGGCT,NA,ws_08_19_males,126695,5216192,97304,2773443,51555,92291,1953,0.022363,148737761,22,11.15533235,11.15533235,10.94732412,13429826,10656383,83,98.8986,55.2924,16648826
711-004-6-1_b_1,unknown,TRUE,male,B9_S21,B9,NA,NA,B9,0.902,pooled,40.59,40.59,S707,CACAGACT,S596,TGGTACAG,NA,ws_08_19_males,161920,7227796,96842,8508794,74858,215537,2606,0.034611,120162417,23,9.0121815,9.0121815,8.374021934,23223148,14714354,81,95.665,55.2496,39573335
711-004-6-3_d,unknown,TRUE,male,C1_S25,C1,NA,NA,C1,1.39,pooled,62.55,62.55,S736,TTCCAGGT,S543,AAGCACTG,NA,ws_08_19_males,33535,8315828,76333,2026087,10074,175620,3259,0.021681,197667367,24,14.8250529,14.8250529,14.67309637,18767611,16741524,87,102.5408,55.2114,20443780
711-004-6-3_e,unknown,TRUE,male,C2_S26,C2,NA,NA,C2,1.84,pooled,82.8,82.8,S772,TCATCTCC,S567,CTAGCAAG,NA,ws_08_19_males,51285,6502759,51779,779653,18406,142177,2892,0.023188,149486787,25,11.21150931,11.21150931,11.15303533,13888235,13108582,90,105.568,55.3273,20960758
711-012-2_c,unknown,TRUE,male,C3_S27,C3,NA,NA,C3,0.28,pooled,12.6,12.6,S757,GAGAGTAC,S545,TGCTTCCA,NA,ws_08_19_males,411654,26852096,796564,24567526,206294,1610159,10502,0.06332,216156506,26,16.21173836,16.21173836,14.36917386,79479936,54912410,89,112.8433,55.3084,197154210
711-018-4_b,unknown,TRUE,male,C4_S28,C4,NA,NA,C4,2.62,pooled,117.9,117.9,S735,GTCGTTAC,S554,GCTTAGCT,NA,ws_08_19_males,32039,2009824,13904,2796483,7921,32965,733,0.018227,61944013,27,4.645801091,4.645801091,4.436064861,6862074,4065591,86,100.1603,55.4829,5405392
711-018-4_a,unknown,TRUE,male,C5_S29,C5,NA,NA,C5,1.57,pooled,70.65,70.65,S704,GGAGGAAT,S585,AACCGTTC,NA,ws_08_19_males,75879,4312833,36781,3358971,17648,93337,1641,0.023481,99905587,28,7.492919212,7.492919212,7.240996381,12097297,8738326,91,106.8892,55.4383,9707713
018-434-4-3_4_I_c,unknown,FALSE,male,,,NA,NA,,NA,,NA,NA,,,,,NA,ws_08_19_males,NA,NA,NA,NA,NA,NA,NA,NA,NA,NA,NA,NA,NA,NA,NA,NA,NA,NA,NA
018-434-6-1_2_3_IIa,unknown,FALSE,male,,,NA,NA,,NA,,NA,NA,,,,,NA,ws_08_19_males,NA,NA,NA,NA,NA,NA,NA,NA,NA,NA,NA,NA,NA,NA,NA,NA,NA,NA,NA